Company_Emp_Score,Average_Follower_Gender,Average_Follower_Prog_Score,Average_Follower_Emp_Score
-0.009603772,0.72,0.002306067,0.000379535
-0.003453535,0.53,0.002306067,0.000213
-0.00323772,0.67,0.003306067,0.000762
-0.009603772,0.72,0.002806067,0.000556
-0.007603772,0.12,0.001306067,0.000379535
-0.049603772,0.27,0.003306067,0.000521